Job Title,Company,Location
Senior Python Developer,"Payne, Roberts and Davis","Stewartbury, AA"
Energy engineer,Vasquez-Davidson,"Christopherville, AA"
Legal executive,"Jackson, Chambers and Levy","Port Ericaburgh, AA"
Fitness centre manager,Savage-Bradley,"East Seanview, AP"
Product manager,Ramirez Inc,"North Jamieview, AP"
Medical technical officer,Rogers-Yates,"Davidville, AP"
Physiological scientist,Kramer-Klein,"South Christopher, AE"
Textile designer,Meyers-Johnson,"Port Jonathan, AE"
Television floor manager,Hughes-Williams,"Osbornetown, AE"
Waste management officer,"Jones, Williams and Villa","Scotttown, AP"
Software Engineer (Python),Garcia PLC,"Ericberg, AE"
Interpreter,Gregory and Sons,"Ramireztown, AE"
Architect,"Clark, Garcia and Sosa","Figueroaview, AA"
Meteorologist,Bush PLC,"Kelseystad, AA"
Audiological scientist,Salazar-Meyers,"Williamsburgh, AE"
English as a second language teacher,"Parker, Murphy and Brooks","Mitchellburgh, AE"
Surgeon,Cruz-Brown,"West Jessicabury, AA"
Equities trader,Macdonald-Ferguson,"Maloneshire, AE"
Newspaper journalist,"Williams, Peterson and Rojas","Johnsonton, AA"
Materials engineer,Smith and Sons,"South Davidtown, AP"
Python Programmer (Entry-Level),"Moss, Duncan and Allen","Port Sara, AE"
Product/process development scientist,Gomez-Carroll,"Marktown, AA"
"Scientist, research (maths)","Manning, Welch and Herring","Laurenland, AE"
Ecologist,"Lee, Gutierrez and Brown","Lauraton, AP"
Materials engineer,"Davis, Serrano and Cook","South Tammyberg, AP"
Historic buildings inspector/conservation officer,Smith LLC,"North Brandonville, AP"
Data scientist,Thomas Group,"Port Robertfurt, AA"
Psychiatrist,Silva-King,"Burnettbury, AE"
Structural engineer,Pierce-Long,"Herbertside, AA"
Immigration officer,Walker-Simpson,"Christopherport, AP"
Python Programmer (Entry-Level),Cooper and Sons,"West Victor, AE"
Neurosurgeon,"Donovan, Gonzalez and Figueroa","Port Aaron, AP"
Broadcast engineer,"Morgan, Butler and Bennett","Loribury, AA"
Make,Snyder-Lee,"Angelastad, AP"
"Nurse, adult",Harris PLC,"Larrytown, AE"
Air broker,Washington PLC,"West Colin, AP"
"Editor, film/video","Brown, Price and Campbell","West Stephanie, AP"
"Production assistant, radio",Mcgee PLC,"Laurentown, AP"
"Engineer, communications",Dixon Inc,"Wrightberg, AP"
Sales executive,"Thompson, Sheppard and Ward","Alberttown, AE"
Software Developer (Python),Adams-Brewer,"Brockburgh, AE"
Futures trader,Schneider-Brady,"North Jason, AE"
Tour manager,Gonzales-Frank,"Arnoldhaven, AE"
Cytogeneticist,Smith-Wong,"Lake Destiny, AP"
"Designer, multimedia",Pierce-Herrera,"South Timothyburgh, AP"
Trade union research officer,"Aguilar, Rivera and Quinn","New Jimmyton, AE"
"Chemist, analytical","Lowe, Barnes and Thomas","New Lucasbury, AP"
"Programmer, multimedia","Lewis, Gonzalez and Vasquez","Port Cory, AE"
"Engineer, broadcasting (operations)",Taylor PLC,"Gileston, AA"
"Teacher, primary school","Oliver, Jones and Ramirez","Cindyshire, AA"
